{"timestamps": [1520421963.796356, 1520421967.680839, 1520421974.245823, 1520421975.390755, 1520421976.255453, 1520421985.841698, 1520421999.921212, 1520422001.48157, 1520422004.102689, 1520422006.268951, 1520422007.178709, 1520422022.425722, 1520422023.089644, 1520422023.712763, 1520422024.355924, 1520422024.978885, 1520422025.639567, 1520422043.131936, 1520422043.630115, 1520422044.28699, 1520422044.918392, 1520422045.359208, 1520422045.991129, 1520422069.732106, 1520422070.513157, 1520422071.16195, 1520422071.796244, 1520422072.87411, 1520422075.128583, 1520422099.892276, 1520422100.637925, 1520422101.280115, 1520422101.927472, 1520422102.617344, 1520422103.247891, 1520422137.273474, 1520422138.63981, 1520422139.886223, 1520422177.034197, 1520422178.427514, 1520422179.5476, 1520422212.366015, 1520422213.074327, 1520422213.53375, 1520422214.124798, 1520422214.689256, 1520422215.246505, 1520422249.754092, 1520422250.438525, 1520422251.023854, 1520422251.620659, 1520422252.150443, 1520422252.734876, 1520422290.618908, 1520422291.19054, 1520422291.77135, 1520422292.340355, 1520422292.935023, 1520422293.503887, 1520422334.656427, 1520422335.67024, 1520422336.499994, 1520422337.040474, 1520422337.609813], "initial_reset_timestamp": 1520421947.061758, "episode_types": ["t", "t", "t", "t", "t", "t", "t", "t", "t", "t", "t", "t", "t", "t", "t", "t", "t", "t", "t", "t", "t", "t", "t", "t", "t", "t", "t", "t", "t", "t", "t", "t", "t", "t", "t", "t", "t", "t", "t", "t", "t", "t", "t", "t", "t", "t", "t", "t", "t", "t", "t", "t", "t", "t", "t", "t", "t", "t", "t", "t", "t", "t", "t", "t", "t"], "episode_lengths": [140, 58, 63, 53, 44, 78, 199, 54, 29, 32, 42, 33, 33, 33, 33, 33, 34, 34, 25, 32, 33, 23, 33, 33, 35, 34, 33, 32, 34, 34, 33, 34, 34, 35, 33, 69, 59, 65, 51, 62, 40, 53, 33, 27, 35, 34, 33, 34, 36, 35, 36, 32, 35, 35, 34, 34, 34, 35, 34, 33, 33, 34, 33, 34], "episode_rewards": [272.3248291015625, 422.11549377441406, 194.3667449951172, 119.02793884277344, 57.34858703613281, 216.16139221191406, -115.98063659667969, 2279.0330657958984, 652.7701568603516, 795.2271423339844, 887.0770721435547, 2278.6143341064453, 2279.542037963867, 2279.369873046875, 2282.985061645508, 1120.35302734375, 2276.299118041992, 2281.5040893554688, 785.5577545166016, 1080.789077758789, 2281.9661407470703, 715.0924987792969, 2279.592544555664, 2278.533233642578, 1174.7576599121094, 2283.858200073242, 2277.8138732910156, 1113.5531616210938, 2283.0990447998047, 2280.2113342285156, 2282.9894104003906, 2280.046875, 2279.3915405273438, 2280.7054595947266, 2280.756057739258, -115.99728393554688, -115.99925231933594, -115.99996948242188, 56.28753662109375, 29.52374267578125, 109.63731384277344, 136.04100036621094, 1092.4487609863281, 891.512451171875, 2281.825897216797, 2284.4640350341797, 2282.796371459961, 2280.109420776367, 2281.7366638183594, 2280.9070739746094, 2280.7156524658203, 1058.2836303710938, 2282.788803100586, 2278.173858642578, 2282.933380126953, 2279.248001098633, 2284.234375, 2278.9391174316406, 2284.945281982422, 2278.8843688964844, 2283.1190185546875, 2280.258056640625, 2281.5836791992188, 2284.315887451172]}